ConceptScheme URI,http://vocabs.lter-europe.net/elter_drf/,,,,,,,,,,,,,,,,,,,,,,,,,,,,,,,,,,,,,,,,,,,,,,,,,,,,,,,,,,,,,,,,,,,,,,,,,,,,,,,,
PREFIX,et,http://vocabs.lter-europe.net/EnvThes/,,,,,,,,,,,,,,,,,,,,,,,,,,,,,,,,,,,,,,,,,,,,,,,,,,,,,,,,,,,,,,,,,,,,,,,,,,,,,,,
PREFIX,gen,http://purl.org/zonmw/generic/,,,,,,,,,,,,,,,,,,,,,,,,,,,,,,,,,,,,,,,,,,,,,,,,,,,,,,,,,,,,,,,,,,,,,,,,,,,,,,,
PREFIX,pav,http://purl.org/pav/,,,,,,,,,,,,,,,,,,,,,,,,,,,,,,,,,,,,,,,,,,,,,,,,,,,,,,,,,,,,,,,,,,,,,,,,,,,,,,,
PREFIX,dct,http://purl.org/dc/terms/,,,,,,,,,,,,,,,,,,,,,,,,,,,,,,,,,,,,,,,,,,,,,,,,,,,,,,,,,,,,,,,,,,,,,,,,,,,,,,,
PREFIX,owl,http://www.w3.org/2002/07/owl#,,,,,,,,,,,,,,,,,,,,,,,,,,,,,,,,,,,,,,,,,,,,,,,,,,,,,,,,,,,,,,,,,,,,,,,,,,,,,,,
PREFIX,xsd,http://www.w3.org/2001/XMLSchema#,,,,,,,,,,,,,,,,,,,,,,,,,,,,,,,,,,,,,,,,,,,,,,,,,,,,,,,,,,,,,,,,,,,,,,,,,,,,,,,
PREFIX,iop,https://w3id.org/iadopt/ont/,,,,,,,,,,,,,,,,,,,,,,,,,,,,,,,,,,,,,,,,,,,,,,,,,,,,,,,,,,,,,,,,,,,,,,,,,,,,,,,
PREFIX,puv,https://w3id.org/env/puv#,,,,,,,,,,,,,,,,,,,,,,,,,,,,,,,,,,,,,,,,,,,,,,,,,,,,,,,,,,,,,,,,,,,,,,,,,,,,,,,
PREFIX,sosa,http://www.w3.org/ns/sosa/,,,,,,,,,,,,,,,,,,,,,,,,,,,,,,,,,,,,,,,,,,,,,,,,,,,,,,,,,,,,,,,,,,,,,,,,,,,,,,,
PREFIX,vaof,http://purl.org/vocommons/voaf#,,,,,,,,,,,,,,,,,,,,,,,,,,,,,,,,,,,,,,,,,,,,,,,,,,,,,,,,,,,,,,,,,,,,,,,,,,,,,,,
PREFIX,qudt,http://qudt.org/vocab/,,,,,,,,,,,,,,,,,,,,,,,,,,,,,,,,,,,,,,,,,,,,,,,,,,,,,,,,,,,,,,,,,,,,,,,,,,,,,,,
PREFIX,doap,usefulinc.com/ns/doap#,,,,,,,,,,,,,,,,,,,,,,,,,,,,,,,,,,,,,,,,,,,,,,,,,,,,,,,,,,,,,,,,,,,,,,,,,,,,,,,
PREFIX,drf,http://vocabs.lter-europe.net/elter_drf/,,,,,,,,,,,,,,,,,,,,,,,,,,,,,,,,,,,,,,,,,,,,,,,,,,,,,,,,,,,,,,,,,,,,,,,,,,,,,,,
PREFIX,iop,https://w3id.org/iadopt/ont/,,,,,,,,,,,,,,,,,,,,,,,,,,,,,,,,,,,,,,,,,,,,,,,,,,,,,,,,,,,,,,,,,,,,,,,,,,,,,,,
PREFIX,rdf,http://www.w3.org/1999/02/22-rdf-syntax-ns#,,,,,,,,,,,,,,,,,,,,,,,,,,,,,,,,,,,,,,,,,,,,,,,,,,,,,,,,,,,,,,,,,,,,,,,,,,,,,,,
PREFIX,rdfs,http://www.w3.org/2000/01/rdf-schema#,,,,,,,,,,,,,,,,,,,,,,,,,,,,,,,,,,,,,,,,,,,,,,,,,,,,,,,,,,,,,,,,,,,,,,,,,,,,,,,
PREFIX,omv,http://omv.ontoware.org/2005/05/ontology,,,,,,,,,,,,,,,,,,,,,,,,,,,,,,,,,,,,,,,,,,,,,,,,,,,,,,,,,,,,,,,,,,,,,,,,,,,,,,,
PREFIX,schema,http://schema.org/,,,,,,,,,,,,,,,,,,,,,,,,,,,,,,,,,,,,,,,,,,,,,,,,,,,,,,,,,,,,,,,,,,,,,,,,,,,,,,,
PREFIX,dwc,http://rs.tdwg.org/dwc/terms/,,,,,,,,,,,,,,,,,,,,,,,,,,,,,,,,,,,,,,,,,,,,,,,,,,,,,,,,,,,,,,,,,,,,,,,,,,,,,,,
PREFIX,unit,http://qudt.org/vocab/unit/,,,,,,,,,,,,,,,,,,,,,,,,,,,,,,,,,,,,,,,,,,,,,,,,,,,,,,,,,,,,,,,,,,,,,,,,,,,,,,,
owl:ontologyIRI,http://vocabs.lter-europe.net/elter_drf/,,,,,,,,,,,,,,,,,,,,,,,,,,,,,,,,,,,,,,,,,,,,,,,,,,,,,,,,,,,,,,,,,,,,,,,,,,,,,,,,
dct:identifier,,,,,,,,,,,,,,,,,,,,,,,,,,,,,,,,,,,,,,,,,,,,,,,,,,,,,,,,,,,,,,,,,,,,,,,,,,,,,,,,,
skos:prefLabel,eLTER_DRF,,,,,,,,,,,,,,,,,,,,,,,,,,,,,,,,,,,,,,,,,,,,,,,,,,,,,,,,,,,,,,,,,,,,,,,,,,,,,,,,
dct:title,eLTER Data Reporting Format,,,,,,,,,,,,,,,,,,,,,,,,,,,,,,,,,,,,,,,,,,,,,,,,,,,,,,,,,,,,,,,,,,,,,,,,,,,,,,,,
omv:acronym,eLTER_DRF,,,,,,,,,,,,,,,,,,,,,,,,,,,,,,,,,,,,,,,,,,,,,,,,,,,,,,,,,,,,,,,,,,,,,,,,,,,,,,,,
omv:resourceLocator,https://raw.githubusercontent.com/LTER-Europe/eLTER_DRF/main/eLTER_DRF.ttl,,,,,,,,,,,,,,,,,,,,,,,,,,,,,,,,,,,,,,,,,,,,,,,,,,,,,,,,,,,,,,,,,,,,,,,,,,,,,,,,
omv:keywords,http://vocabs.lter-europe.net/EnvThes/21672,,,,,,,,,,,,,,,,,,,,,,,,,,,,,,,,,,,,,,,,,,,,,,,,,,,,,,,,,,,,,,,,,,,,,,,,,,,,,,,,
dct:publisher,,,,,,,,,,,,,,,,,,,,,,,,,,,,,,,,,,,,,,,,,,,,,,,,,,,,,,,,,,,,,,,,,,,,,,,,,,,,,,,,,
omv:knownUsage,terms for describe eLTER data reporting,,,,,,,,,,,,,,,,,,,,,,,,,,,,,,,,,,,,,,,,,,,,,,,,,,,,,,,,,,,,,,,,,,,,,,,,,,,,,,,,
dct:audience,http://schema.org/Researcher,,,,,,,,,,,,,,,,,,,,,,,,,,,,,,,,,,,,,,,,,,,,,,,,,,,,,,,,,,,,,,,,,,,,,,,,,,,,,,,,
doap:repository,https://ecoportal.lifewatch.eu/,,,,,,,,,,,,,,,,,,,,,,,,,,,,,,,,,,,,,,,,,,,,,,,,,,,,,,,,,,,,,,,,,,,,,,,,,,,,,,,,
dct:subject,http://semanticscience.org/resource/SIO_001080,,,,,,,,,,,,,,,,,,,,,,,,,,,,,,,,,,,,,,,,,,,,,,,,,,,,,,,,,,,,,,,,,,,,,,,,,,,,,,,,
dct:description,eLTER_DRF is...,,,,,,,,,,,,,,,,,,,,,,,,,,,,,,,,,,,,,,,,,,,,,,,,,,,,,,,,,,,,,,,,,,,,,,,,,,,,,,,,
dct:creator,Alessandro Oggioni,,,,,,,,,,,,,,,,,,,,,,,,,,,,,,,,,,,,,,,,,,,,,,,,,,,,,,,,,,,,,,,,,,,,,,,,,,,,,,,,
dct:creator,Johannes Peterseil,,,,,,,,,,,,,,,,,,,,,,,,,,,,,,,,,,,,,,,,,,,,,,,,,,,,,,,,,,,,,,,,,,,,,,,,,,,,,,,,
dct:creator,Sarah Venier,,,,,,,,,,,,,,,,,,,,,,,,,,,,,,,,,,,,,,,,,,,,,,,,,,,,,,,,,,,,,,,,,,,,,,,,,,,,,,,,
dct:creator,Allan Souza,,,,,,,,,,,,,,,,,,,,,,,,,,,,,,,,,,,,,,,,,,,,,,,,,,,,,,,,,,,,,,,,,,,,,,,,,,,,,,,,
dct:creator,Lisa Reiss,,,,,,,,,,,,,,,,,,,,,,,,,,,,,,,,,,,,,,,,,,,,,,,,,,,,,,,,,,,,,,,,,,,,,,,,,,,,,,,,
omv:usedOntologyEngineeringTool,https://github.com/fair-data-collective/sheet2rdf,,,,,,,,,,,,,,,,,,,,,,,,,,,,,,,,,,,,,,,,,,,,,,,,,,,,,,,,,,,,,,,,,,,,,,,,,,,,,,,,
dct:license,https://creativecommons.org/licenses/by/4.0/,,,,,,,,,,,,,,,,,,,,,,,,,,,,,,,,,,,,,,,,,,,,,,,,,,,,,,,,,,,,,,,,,,,,,,,,,,,,,,,,
dct:language,en,,,,,,,,,,,,,,,,,,,,,,,,,,,,,,,,,,,,,,,,,,,,,,,,,,,,,,,,,,,,,,,,,,,,,,,,,,,,,,,,
owl:versionInfo,1.3.0,,,,,,,,,,,,,,,,,,,,,,,,,,,,,,,,,,,,,,,,,,,,,,,,,,,,,,,,,,,,,,,,,,,,,,,,,,,,,,,,
dct:created,2025-12-04,,,,,,,,,,,,,,,,,,,,,,,,,,,,,,,,,,,,,,,,,,,,,,,,,,,,,,,,,,,,,,,,,,,,,,,,,,,,,,,,
dct:modified,2025-12-04,,,,,,,,,,,,,,,,,,,,,,,,,,,,,,,,,,,,,,,,,,,,,,,,,,,,,,,,,,,,,,,,,,,,,,,,,,,,,,,,
Identifier,skos:prefLabel@en,"rdf:type(separtor="","")","skos:altLabel@en(separator="","")",skos:definition@en,schema:unitCode,skos:example@en,"skos:broader(separator="","")","dct:source(separator="","")","skos:exactMatch(separator="","")",dct:isReplacedBy,"skos:closeMatch(separator="","")","skos:narrowMatch(separator="","")","skos:related(separator="","")",puv:uom,skos:note@en,skos:changeNote@en,skos:editorialNote@en,skos:scopeNote@en,owl:deprecated^^xsd:boolean,skos:hiddenLabel,skos:prefLabel@de,skos:prefLabel@ar,skos:prefLabel@bg,skos:prefLabel@cs,skos:prefLabel@da,skos:prefLabel@el,skos:prefLabel@es,skos:prefLabel@et,skos:prefLabel@fi,skos:prefLabel@fr,skos:prefLabel@hr,skos:prefLabel@hu,skos:prefLabel@it,skos:prefLabel@ja,skos:prefLabel@lt,skos:prefLabel@lv,skos:prefLabel@nl,skos:prefLabel@no,skos:prefLabel@pl,skos:prefLabel@pt,skos:prefLabel@ro,skos:prefLabel@sk,skos:prefLabel@sl,skos:prefLabel@sv,skos:prefLabel@zh,skos:altLabel@de,skos:altLabel@el,skos:altLabel@es,skos:altLabel@fi,skos:altLabel@fr,skos:altLabel@hu,skos:altLabel@it,skos:altLabel@ja,skos:altLabel@la,skos:altLabel@lt,skos:altLabel@no,skos:altLabel@pl,skos:altLabel@pt,skos:altLabel@sl,skos:altLabel@sv,skos:altLabel@zh,skos:altLabel@zh-tw,skos:definition@de,skos:definition@es,skos:definition@fi,skos:definition@fr,skos:definition@it,skos:definition@ja,skos:definition@no,skos:definition@pl,skos:definition@pt,skos:definition@zh,skos:definition@sv,"skos:broadMatch(separator="","")","owl:sameAs(separator="","")",rdfs:seeAlso,schema:unitCode,dct:contributor,dct:created^^xsd:date,dct:creator,dct:modified^^xsd:date
drf:StationCoreFields,StationCoreFields,skos:Collection,,"A Station is an observation entity within a site or platform. Station in this respect is synonym to plot, observation location, sensor location, etc. and is defined by a location, elevation and installation height (if relevant) which is located within a given LTER site or platform. The core Fields are part of this class.",,,,,,,,,,,,,,,,,,,,,,,,,,,,,,,,,,,,,,,,,,,,,,,,,,,,,,,,,,,,,,,,,,,,,,,,,,,2025-12-04,0000-0002-7997-219X,2025-12-11
drf:StationExtendedFields,StationExtendedFields,skos:Collection,,"A Station is an observation entity within a site or platform. Station in this respect is synonym to plot, observation location, sensor location, etc. and is defined by a location, elevation and installation height (if relevant) which is located within a given LTER site or platform. The Extended Fields are part of this class.",,,,,,,,,,,,,,,,,,,,,,,,,,,,,,,,,,,,,,,,,,,,,,,,,,,,,,,,,,,,,,,,,,,,,,,,,,,2025-12-04,0000-0002-7997-219X,2025-12-11
drf:MethodCoreFields,MethodCoreFields,skos:Collection,,A Method describes the procedure to generate and manipulate the data.,,,,,,,,,,,,,,,,,,,,,,,,,,,,,,,,,,,,,,,,,,,,,,,,,,,,,,,,,,,,,,,,,,,,,,,,,,,2025-12-04,0000-0002-7997-219X,2025-12-11
drf:MethodExtendedfileds,MethodExtendedfileds,skos:Collection,,"In the extended version detailed information on the different method steps and procedures (e.g. sampling, field method, lab methods, data aggregation methods)",,,,,,,,,,,,,,,,,,,,,,,,,,,,,,,,,,,,,,,,,,,,,,,,,,,,,,,,,,,,,,,,,,,,,,,,,,,2025-12-04,0000-0002-7997-219X,2025-12-11
drf:DataMeasurements,DataMeasurements,skos:Collection,,"The Data are defined as the sum of observation values being observed at a station/plot either by sensor, measurement device or human observation. Environmental observation is defined as any measurement done by sensors or using devices observing a single measurable property of the ecosystem, e.g. temperature or water level. The value normally is expressed as decimal or integer value.",,,,,,,,,,,,,,,,,,,,,,,,,,,,,,,,,,,,,,,,,,,,,,,,,,,,,,,,,,,,,,,,,,,,,,,,,,,2025-12-04,0000-0002-7997-219X,2025-12-11
drf:DataMapping,DataMapping,skos:Collection,,"The Data are defined as the sum of observation values being observed at a station/plot either by sensor, measurement device or human observation. Mapping is defined as any observation done by a human or sensor where the occurrence, share or abundance of an entitiy (e.g. species or habitat type) in a given area is estimated or measured. The observed entity is normally described by a concept (e.g. species or habitat) and uses code lists or taxonomies (e.g. species or habitat lists) to describe them.",,,,,,,,,,,,,,,,,,,,,,,,,,,,,,,,,,,,,,,,,,,,,,,,,,,,,,,,,,,,,,,,,,,,,,,,,,,2025-12-04,0000-0002-7997-219X,2025-12-11
drf:DataExtendedFields,DataExtendedFields,skos:Collection,,"The Data are defined as the sum of observation values being observed at a station/plot either by sensor, measurement device or human observation. The Extended Fields are part of this class.",,,,,,,,,,,,,,,,,,,,,,,,,,,,,,,,,,,,,,,,,,,,,,,,,,,,,,,,,,,,,,,,,,,,,,,,,,,2025-12-04,0000-0002-7997-219X,2025-12-11
drf:ReferenceCoreFields,ReferenceCoreFields,skos:Collection,,"The Reference is the listing and description of additional codes used in the data provision. In order to enhance the re-usability of the data, information on the coding used e.g. for variable names or taxa, is needed. This can either refer to existing vocabularies used (e.g. by referencing to an URL) or by user defined definitions.",,,,,,,,,,,,,,,,,,,,,,,,,,,,,,,,,,,,,,,,,,,,,,,,,,,,,,,,,,,,,,,,,,,,,,,,,,,2025-12-04,0000-0002-7997-219X,2025-12-11
drf:EventCoreFields,EventCoreFields,skos:Collection,,An Event is defined as activity to observe or collect information on the ecosystem characteristic of interest. This can be either e.g. a sampling event (e.g. soil water sample) or the recording of species abundance (e.g. vegetation relevee). Basic information on the event is given. The Core Fields are part of this class.,,,,,,,,,,,,,,,,,,,,,,,,,,,,,,,,,,,,,,,,,,,,,,,,,,,,,,,,,,,,,,,,,,,,,,,,,,,2025-12-04,0000-0002-7997-219X,2025-12-11
drf:EventExtendedFields,EventExtendedFields,skos:Collection,,An Event is defined as activity to observe or collect information on the ecosystem characteristic of interest. This can be either e.g. a sampling event (e.g. soil water sample) or the recording of species abundance (e.g. vegetation relevee). Basic information on the event is given. The Extended Fields are part of this class.,,,,,,,,,,,,,,,,,,,,,,,,,,,,,,,,,,,,,,,,,,,,,,,,,,,,,,,,,,,,,,,,,,,,,,,,,,,2025-12-04,0000-0002-7997-219X,2025-12-11
drf:SampleEvent,SampleEvent,skos:Collection,,"A Sample is the key observational units in environmental sciences, i.e. ecology, geosciences, biogeochemistry, and hydrobiology, and are essential to document and further analyse biological communities in laboratories (e.g., phytoplankton communities in water samples, benthic communities in sediments, etc.). In general, a sample is a limited quantity of something which is intended to be similar to and represent a larger amount of that thing(s). The things could be countable objects such as individual items available as units for sale, or an uncountable material. Even though the word ""sample"" implies a smaller quantity taken from a larger amount, sometimes full biological or mineralogical specimens are called samples if they are taken for analysis, testing, or investigation like other samples.",,,,,,,,,,,,,,,,,,,,,,,,,,,,,,,,,,,,,,,,,,,,,,,,,,,,,,,,,,,,,,,,,,,,,,,,,,,2025-12-04,0000-0002-7997-219X,2025-12-11
drf:SITE_CODE,SITE_CODE,skos:Concept,,Site code [URL] – reference to LTER site and LTSER Platform on DEIMS-SDR. Please provide the deims.id for the site or platform,,https://deims.org/site/0ce0d289-9ef9-4232-a981-8f34869db76d,"drf:StationCoreFields,drf:DataMeasurements,drf:DataMapping,drf:EventCoreFields,drf:SampleEvent",,,,dwc:institutionID,,,,,,,,,,,,,,,,,,,,,,,,,,,,,,,,,,,,,,,,,,,,,,,,,,,,,,,,,,,,,,,,,,,,2025-12-04,0000-0002-7997-219X,2025-12-11
drf:STATION_CODE,STATION_CODE,skos:Concept,,"Station code or Station identifier (ID) [UTF-8 character encoding] - Code for the station within the site in UTF-8 character encoding for the text. Special characters should be avoided. 
 A station is any measuring enitity, such as a sampling point, permanent plot, observation plot or a meteorological station, to name just a few. If the station equals the site, meaning that only one station is used within the site, only the site identifier is provided in the data recording sheet. If external identification systems (e.g. WMO Station ID) are existing, this identifier could be used to reference the station. If a DEIMS-SDR UUID for the station exists, this need to be used. Otherwise use the identification of the station within your site",,IP2,"drf:StationCoreFields,drf:DataMeasurements,drf:DataMapping,drf:EventCoreFields,drf:SampleEvent",,,,dwc:locationID,,,,,,,,,,,,,,,,,,,,,,,,,,,,,,,,,,,,,,,,,,,,,,,,,,,,,,,,,,,,,,,,,,,,2025-12-04,0000-0002-7997-219X,2025-12-11
drf:STYPE,STYPE,skos:Concept,,"Spatial type [UTF-8 character encoding] of the station/plot according to a fixed list of values: 
- PT … single or multiple observation point 
- AREA … areal plot 
- VLN … vertical transect/profile 
- HLN … horizontal transect/profile 
 If additional codes are needed, this is defined by the data provider.",,AREA,drf:StationCoreFields,,,,dwc:footprintWKT,,,,,,,,,,,,,,,,,,,,,,,,,,,,,,,,,,,,,,,,,,,,,,,,,,,,,,,,,,,,,,,,,,,,2025-12-04,0000-0002-7997-219X,2025-12-11
drf:LAT,LAT,skos:Concept,,"Latitude for the reference point [decimal number] of the STATION expressed in decimal degree [dec °] WGS84 using at least 6-digits after the decimal separator. 
 Note: The definition of the reference point depends on the STYPE: 
 - PT (single/multiple point): is the location of the point itself; 
 - AREA (areal plot): is the centroid of the area; 
 - VLN (vertical profile): is the starting point of the vertical profile 
 - HLN (horizontal transect): is the starting point of the horizontal transect.",unit:DEG,45.340805,drf:StationCoreFields,,,,dwc:decimalLatitude,,,unit:DEG,,,,,,,,,,,,,,,,,,,,,,,,,,,,,,,,,,,,,,,,,,,,,,,,,,,,,,,,,,,,,,,,,2025-12-04,0000-0002-7997-219X,2025-12-11
drf:LON,LON,skos:Concept,,"Longitude of the reference point [decimal number] of the STATION expressed in decimal degree [dec °] WGS84 using at least 6-digits after the decimal separator. 
Note: The definition of the reference point depends on the STYPE: 
- PT (single/multiple point): is the location of the point itself;
- AREA (areal plot): is the centroid of the area; 
- VLN (vertical profile): is the starting point of the vertical profile 
- HLN (horizontal transect): is the starting point of the horizontal transect.",unit:DEG,7.887495,drf:StationCoreFields,,,,dwc:decimalLongitude,,,unit:DEG,,,,,,,,,,,,,,,,,,,,,,,,,,,,,,,,,,,,,,,,,,,,,,,,,,,,,,,,,,,,,,,,,2025-12-04,0000-0002-7997-219X,2025-12-11
drf:ALTITUDE,ALTITUDE,skos:Concept,,"Altitude [decimal number] of the reference point of the STATION in meter above or below sea level [m a.s.l.]. In terrestrial systems it reflects the elevation of the land surface and in aquatic/marine systems the elevation of the water surface. 
 Note: offsets from the surface (e.g. for sampling or sensor installations) can be provided by the extended field ‘installation height”",unit:M,265,drf:StationCoreFields,,,,dwc:verbatimElevation,,,unit:M,,,,,,,,,,,,,,,,,,,,,,,,,,,,,,,,,,,,,,,,,,,,,,,,,,,,,,,,,,,,,,,,,2025-12-04,0000-0002-7997-219X,2025-12-11
drf:PLOTSIZE,PLOTSIZE,skos:Concept,,Plot size [integer] is defined as the size surface area covered by the station/plot in [m2],unit:M2,25,drf:StationCoreFields,,,,dwc:totalAreaSampledValue,,,unit:M2,,,,,,,,,,,,,,,,,,,,,,,,,,,,,,,,,,,,,,,,,,,,,,,,,,,,,,,,,,,,,,,,,2025-12-04,0000-0002-7997-219X,2025-12-11
drf:COMMENT,COMMENT,skos:Concept,,Comment [UTF-8 character encoding] include any other information related to the location of the station/plot.,,,drf:StationCoreFields,,,,dwc:locationRemarks,,,,,,,,,,,,,,,,,,,,,,,,,,,,,,,,,,,,,,,,,,,,,,,,,,,,,,,,,,,,,,,,,,,,2025-12-04,0000-0002-7997-219X,2025-12-11
drf:GEOSPAT_FEATURE,GEOSPAT_FEATURE,skos:Concept,,"Geospatial feature [UTF-8 character encoding or URL/URI] is the (computable) geospatial representation of the ""station"". It could also be a WKT, a URI pointing to an online resource (WFS feature, GeoJson, …), or at least a textual description identifying the geometry/spatial feature (like in the case of rivers, roads, trails, toponyms, etc.)",,,drf:StationCoreFields,,,,dwc:footprintWKT,,,,,,,,,,,,,,,,,,,,,,,,,,,,,,,,,,,,,,,,,,,,,,,,,,,,,,,,,,,,,,,,,,,,2025-12-04,0000-0002-7997-219X,2025-12-11
drf:SNAME,SNAME,skos:Concept,,"Station name (UTF-8 character encoding, https://en.wikipedia.org/wiki/UTF-8) provides the name of the station if relevant",,IP1,drf:StationExtendedFields,,,,dwc:locality,,,,,,,,,,,,,,,,,,,,,,,,,,,,,,,,,,,,,,,,,,,,,,,,,,,,,,,,,,,,,,,,,,,,2025-12-04,0000-0002-7997-219X,2025-12-11
drf:westBoundingCoordinate,westBoundingCoordinate,skos:Concept,,bounding box [decimal number] for a station in decimal degree [dec °] WGS84; if a point is represented east and west bounding coordinates are equal; equals to Longitude,unit:DEG,7.887490,drf:StationExtendedFields,,,,dwc:decimalLongitude,,,unit:DEG,,,,,,,,,,,,,,,,,,,,,,,,,,,,,,,,,,,,,,,,,,,,,,,,,,,,,,,,,,,,,,,,,2025-12-04,0000-0002-7997-219X,2025-12-11
drf:eastBoundingCoordinate,eastBoundingCoordinate,skos:Concept,,bounding box [decimal number] for a station in decimal degree [dec °] WGS84; if a point is represented east and west bounding coordinates are equal; equals to Longitude,unit:DEG,7.953720,drf:StationExtendedFields,,,,dwc:decimalLongitude,,,unit:DEG,,,,,,,,,,,,,,,,,,,,,,,,,,,,,,,,,,,,,,,,,,,,,,,,,,,,,,,,,,,,,,,,,2025-12-04,0000-0002-7997-219X,2025-12-11
drf:northBoundingCoordinate,northBoundingCoordinate,skos:Concept,,bounding box [decimal number] for a station in decimal degree [dec °] WGS84; if a point is represented north and south bounding coordinates are equal; equals to Latitude,unit:DEG,45.340800,drf:StationExtendedFields,,,,dwc:decimalLatitude,,,unit:DEG,,,,,,,,,,,,,,,,,,,,,,,,,,,,,,,,,,,,,,,,,,,,,,,,,,,,,,,,,,,,,,,,,2025-12-04,0000-0002-7997-219X,2025-12-11
drf:southBoundingCoordinate,southBoundingCoordinate,skos:Concept,,bounding box [decimal number] for a station in decimal degree [dec °] WGS84; if a point is represented north and south bounding coordinates are equal; equals to Latitude,unit:DEG,45.300560,drf:StationExtendedFields,,,,dwc:decimalLatitude,,,unit:DEG,,,,,,,,,,,,,,,,,,,,,,,,,,,,,,,,,,,,,,,,,,,,,,,,,,,,,,,,,,,,,,,,,2025-12-04,0000-0002-7997-219X,2025-12-11
drf:altitudeMin,altitudeMin,skos:Concept,,"minimum altitude [decimal number] in meter above sea level [m a.s.l.] for the observed station, negative if below water level; if a single point is represented minimum and maximum are equal",unit:M,265,drf:StationExtendedFields,,,,dwc:minimumElevationInMeters,,,unit:M,,,,,,,,,,,,,,,,,,,,,,,,,,,,,,,,,,,,,,,,,,,,,,,,,,,,,,,,,,,,,,,,,2025-12-04,0000-0002-7997-219X,2025-12-11
drf:altitudeMax,altitudeMax,skos:Concept,,"maximum altitude [decimal number] in meter above sea level [m a.s.l.] for the observed station, negative if below water level; if a single point is represented minimum and maximum are equal",unit:M,270,drf:StationExtendedFields,,,,dwc:maximumElevationInMeters,,,unit:M,,,,,,,,,,,,,,,,,,,,,,,,,,,,,,,,,,,,,,,,,,,,,,,,,,,,,,,,,,,,,,,,,2025-12-04,0000-0002-7997-219X,2025-12-11
drf:Country,Country,skos:Concept,,"Country - country code: ISO 3166-1 alpha-2 (https://en.wikipedia.org/wiki/ISO_3166-1_alpha-2), e.g. AT for Austria",,AT,drf:StationExtendedFields,,,,dwc:countryCode,,,,,,,,,,,,,,,,,,,,,,,,,,,,,,,,,,,,,,,,,,,,,,,,,,,,,,,,,,,,,,,,,,,,2025-12-04,0000-0002-7997-219X,2025-12-11
drf:OperationPeriodSince,OperationPeriodSince,skos:Concept,,"Operation period since [ISO date] is the time since the station/plot is operated or when the permanent plot first was established, see ISO 8601: calendar dates as YYYY-MM-DD, time as HH:MM:SS plus a time zone designator (as UTC plus offset) 
Combined date and time: 2007-04-05T12:30:00-02:00 
Any time information 
- in UTC (e.g. 2017-03-03T11:00+00:00 or 2017-03-03T11:00UTC or 2017-03-03T11:00Z), 
- or local times, if the UTC offset is provided (e.g. 2017-03-03T13:00+02:00)",,1992-06-01T13:00+02:00,drf:StationExtendedFields,,,,,,,,,,,,,,,,,,,,,,,,,,,,,,,,,,,,,,,,,,,,,,,,,,,,,,,,,,,,,,,,,,,,,,,,2025-12-04,0000-0002-7997-219X,2025-12-11
drf:plotDimension,plotDimension,skos:Concept,,Plot dimension [UTF-8 character encoding] as the length and width in [m] of the STATION,,5x5,drf:StationExtendedFields,,,,,,,,,,,,,,,,,,,,,,,,,,,,,,,,,,,,,,,,,,,,,,,,,,,,,,,,,,,,,,,,,,,,,,,,2025-12-04,0000-0002-7997-219X,2025-12-11
drf:numberOfSampleUnit,numberOfSampleUnit,skos:Concept,,Number of sample units [integer] - number of elements (e.g. sub-plots) into which the plot is divided along the two dimensions (length x width),,,drf:StationExtendedFields,,,,,,,,,,,,,,,,,,,,,,,,,,,,,,,,,,,,,,,,,,,,,,,,,,,,,,,,,,,,,,,,,,,,,,,,2025-12-04,0000-0002-7997-219X,2025-12-11
drf:InstHeight,InstHeight,skos:Concept,,Installation height [decimal number] – height of the installation of a sensor or device in [cm] measured from the soil surface. Positive and negative values are possible.,,200,drf:StationExtendedFields,,,,dwc:minimumDistanceAboveSurfaceInMeters,,,,,,,,,,,,,,,,,,,,,,,,,,,,,,,,,,,,,,,,,,,,,,,,,,,,,,,,,,,,,,,,,,,,2025-12-04,0000-0002-7997-219X,2025-12-11
drf:Local_Habitat_Type,Local_Habitat_Type,skos:Concept,,Local habitat type [UTF-8 character encoding] using local classification (needs to be defined in the method metadata),,Beech forest,drf:StationExtendedFields,,,,dwc:habitat,,,,,,,,,,,,,,,,,,,,,,,,,,,,,,,,,,,,,,,,,,,,,,,,,,,,,,,,,,,,,,,,,,,,2025-12-04,0000-0002-7997-219X,2025-12-11
drf:EUNIS_Habitat_Type,EUNIS_Habitat_Type,skos:Concept,,EUNIS habitat type [UTF-8 character encoding] using [EUNIS Habitat Classification] identifier,,G2.3,drf:StationExtendedFields,,,,,,,,,,,,,,,,,,,,,,,,,,,,,,,,,,,,,,,,,,,,,,,,,,,,,,,,,,,,,,,,,,,,,,,,2025-12-04,0000-0002-7997-219X,2025-12-11
drf:Potential_natural_vegetation,Potential_natural_vegetation,skos:Concept,,Potential natural vegetation [UTF-8 character encoding] using local syntaxonomic classification schema (needs to be defined in the method metadata),,Fagetum,drf:StationExtendedFields,,,,,,,,,,,,,,,,,,,,,,,,,,,,,,,,,,,,,,,,,,,,,,,,,,,,,,,,,,,,,,,,,,,,,,,,2025-12-04,0000-0002-7997-219X,2025-12-11
drf:VARIABLE,VARIABLE,skos:Concept,,"Variable [UTF-8 character encoding] – the observed phenomenon during the observation. The variable/parameter name normally is given as abbreviation e.g. LISTSUB VARIABLE Name 
- DB ALK Alkalinity 
- DB BOD Biochemical oxygen demand 
- DB TC Total carbon
If possible, use standard encodings for the variable names (e.g. ICP Integrated Monitoring). Additional variable codes can be defined, but need to be documented in the REFERENCE.",,COVE_F,"drf:MethodCoreFields,drf:DataMeasurements,drf:DataMapping",,,,dwc:measurementType,,,,,,,,,,,,,,,,,,,,,,,,,,,,,,,,,,,,,,,,,,,,,,,,,,,,,,,,,,,,,,,,,,,,2025-12-04,0000-0002-7997-219X,2025-12-11
drf:METH_DESCR,METH_DESCR,skos:Concept,,"Method description [UTF-8 character encoding] - Reference to published methods (e.g. URL, DOI) OR textual description of method including information on spatial, temporal or thematic (e.g. taxonomic aggregation), code lists and taxonomies applied (e.g. taxonomic reference lists, habitat classification) as well as measurement units",,Analysis of ammonium concentration (measurement with spectrophotometry (SP)) in aqueous deposition samples (mg/l) …,drf:MethodCoreFields,,,,dwc:measurementMethod,,,,,,,,,,,,,,,,,,,,,,,,,,,,,,,,,,,,,,,,,,,,,,,,,,,,,,,,,,,,,,,,,,,,2025-12-04,0000-0002-7997-219X,2025-12-11
drf:UNIT,UNIT,skos:Concept,,"Unit of variable observed [UTF-8 character encoding]. This information needs to be provided together with the methods, if not provided together with the DATA. For the units the SI units (https://physics.nist.gov/cuu/Units/units.html) are used.",,mg/l,"drf:MethodCoreFields,drf:DataMeasurements,drf:DataMapping,drf:EventCoreFields,drf:SampleEvent",,,,dwc:measurementUnit,,,,,,,,,,,,,,,,,,,,,,,,,,,,,,,,,,,,,,,,,,,,,,,,,,,,,,,,,,,,,,,,,,,,2025-12-04,0000-0002-7997-219X,2025-12-11
drf:SAMPLING_DESIGN,SAMPLING_DESIGN,skos:Concept,,"Short method description [UTF-8 character encoding] on how the plots were selected from the total population (selection of plots, observation points, etc.)",,Random sampling of spruce stands in the entire area of the site; 5 regularly spaced (10 m) positions on a transect; etc.,drf:MethodExtendedfileds,,,,dwc:samplingProtocol,,,,,,,,,,,,,,,,,,,,,,,,,,,,,,,,,,,,,,,,,,,,,,,,,,,,,,,,,,,,,,,,,,,,2025-12-04,0000-0002-7997-219X,2025-12-11
drf:FIELD_METHOD,FIELD_METHOD,skos:Concept,,Short method description [UTF-8 character encoding] of the method used in the field either to collect the samples or to do the observation,,"Volume weighted mixing from 5 bulk sampler, 2 weeks interval of sampling, cooled transportation of the samples",drf:MethodExtendedfileds,,,,dwc:measurementMethod,,,,,,,,,,,,,,,,,,,,,,,,,,,,,,,,,,,,,,,,,,,,,,,,,,,,,,,,,,,,,,,,,,,,2025-12-04,0000-0002-7997-219X,2025-12-11
drf:LAB_METHOD,LAB_METHOD,skos:Concept,,"Short method description [UTF-8 character encoding] on the procedures and methods applied in the lab, e.g. filtering, analysis, etc.",,45μm filtered; ICP-OES,drf:MethodExtendedfileds,,,,dwc:measurementMethod,,,,,,,,,,,,,,,,,,,,,,,,,,,,,,,,,,,,,,,,,,,,,,,,,,,,,,,,,,,,,,,,,,,,2025-12-04,0000-0002-7997-219X,2025-12-11
drf:AGG_METHOD,AGG_METHOD,skos:Concept,,Short method description [UTF-8 character encoding] of the procedure how the values have been aggregated from primary values; for primary data the aggregation procedure is “NONE”.,,Weighted mean value,drf:MethodExtendedfileds,,,,dwc:dataGeneralizations,,,,,,,,,,,,,,,,,,,,,,,,,,,,,,,,,,,,,,,,,,,,,,,,,,,,,,,,,,,,,,,,,,,,2025-12-04,0000-0002-7997-219X,2025-12-11
drf:VERT_OFFSET,VERT_OFFSET,skos:Concept,,Height of measurement [decimal number] in [cm] as vertical offset from the surface level. For terrestrial ecosystems this is above the land surface. For aquatic or marine ecosystems this is the water surface. Values can be positive (offset above surface) or negative (offset below surface).,unit:CentiM,-10,"drf:DataMeasurements,drf:DataMapping",,,,dwc:minimumDistanceAboveSurfaceInMeters,,,unit:CentiM,,,,,,,,,,,,,,,,,,,,,,,,,,,,,,,,,,,,,,,,,,,,,,,,,,,,,,,,,,,,,,,,,2025-12-04,0000-0002-7997-219X,2025-12-11
drf:HORI_OFFSET,HORI_OFFSET,skos:Concept,,Horizontal offset [number] from the reference point of a transect in meter [m].,unit:M,20,"drf:DataMeasurements,drf:DataMapping",,,,,,,unit:M,,,,,,,,,,,,,,,,,,,,,,,,,,,,,,,,,,,,,,,,,,,,,,,,,,,,,,,,,,,,,,,,,2025-12-04,0000-0002-7997-219X,2025-12-11
drf:TIME,TIME,skos:Concept,,"timestamp of measurement [ISO date] (according to ISO 8601): calendar dates as YYYY-MM-DD, time as HH:MM:SS in UTC plus offset; combined date and time as YYYY-MM-DDTHH:MMOffset, e.g. 2007-04-05T12:30:00-02:00 Any time information in converted to UTC time (e.g. 2017-03-03T11:00+00:00 or 2017-03-03T11:00UTC or 2017-03-03T11:00Z) or local times, if the UTC offset is provided (e.g. 2017-03-03T13:00+02:00) 
If aggregations are provided the timestamp is provided as the following 
- annual aggregation – provide only the year as YYYY 
- monthly aggregations – provide only the month as YYYY-MM 
- daily aggregations – provide the day as YYYY-MM-DD 
 Condition: if the field TIME is used, the columns YEAR, MONTH, DAY, HOUR, MINUTE, SECOND are omitted",,2017-03-03T13:00+02:00 or 2017 or 2017-03 or 2017-03-03,"drf:DataMeasurements,drf:DataMapping",,,,dwc:eventDate,,,,,,,,,,,,,,,,,,,,,,,,,,,,,,,,,,,,,,,,,,,,,,,,,,,,,,,,,,,,,,,,,,,,2025-12-04,0000-0002-7997-219X,2025-12-11
drf:VALUE,VALUE,skos:Concept,,"Data value [[UTF-8 character encoding] or [decimal number]] of the observation. The comma separator needs to be consistently used in the data file either being ‘,’ or ‘.’",,25,"drf:DataMeasurements,drf:DataMapping",,,,,,,,,,,,,,,,,,,,,,,,,,,,,,,,,,,,,,,,,,,,,,,,,,,,,,,,,,,,,,,,,,,,,,,,2025-12-04,0000-0002-7997-219X,2025-12-11
drf:FLAGQUA,FLAGQUA,skos:Concept,,"Quality flag [UTF-8 character encoding] for the data values based on the applied data quality control procedure as provided by the local system. 
Examples:
- Q quality controlled value 
- L less than detection limit 
- E estimated from measured value 
Additional values can be defined or quality measures according to the local procedure (e.g. % of valid values for aggregation) can be used, but need to be documented in the REFERENCE.",,,"drf:DataMeasurements,drf:DataMapping",,,,,,,,,,,,,,,,,,,,,,,,,,,,,,,,,,,,,,,,,,,,,,,,,,,,,,,,,,,,,,,,,,,,,,,,2025-12-04,0000-0002-7997-219X,2025-12-11
drf:FLAGSTA,FLAGSTA,skos:Concept,,"Status flag [UTF-8 character encoding] for the data defining the level of aggregation of the data value according to the attached list of possible values. If not relevant leave blank. 
- A Minimum 
- Z Maximum 
- S Sum 
- X Arithmetic average, mean; e.g. monthly average 
- W Weighted mean 
- XA average monthly minimum 
- XZ average monthly maximum 
- SZ maximum daily sum 
- M Mode 
Additional values can be defined, but need to be documented in the REFERENCE.",,X,"drf:DataMeasurements,drf:DataExtendedFields",,,,,,,,,,,,,,,,,,,,,,,,,,,,,,,,,,,,,,,,,,,,,,,,,,,,,,,,,,,,,,,,,,,,,,,,2025-12-04,0000-0002-7997-219X,2025-12-11
drf:SAMPLE_ID,SAMPLE_ID,skos:Concept,,"Reference to the Sample-ID [UTF-8 character encoding] as defined in SAMPLE 
Condition: only used, if a sample is taken and analysed and information on the sample is relevant and provided",,S0001_2020_A,"drf:DataMeasurements,drf:DataMapping,drf:SampleEvent",,,,dwc:materialSampleID,,,,,,,,,,,,,,,,,,,,,,,,,,,,,,,,,,,,,,,,,,,,,,,,,,,,,,,,,,,,,,,,,,,,2025-12-04,0000-0002-7997-219X,2025-12-11
drf:ABS_POSITION,ABS_POSITION,skos:Concept,,"Absolute 3D coordinates [decimal number] expressed in decimal degree [dec °] WGS84 using at least 6-digits after the decimal separator of a single observation within the site or station. When a specific location is available in the dataset record (e.g. if the STATION is an area and many observations/records are available within that area, the absolute position is that of the single record). 
Condition 1: if a ABSOLUTE_POSITION is provided the STATION normally is left empty. 
Condition 2: if an ABSOLUTE POSITION is provided the HORIZONTAL OFFSET is left blank.",,"45.234765, 12.783563, 1230","drf:DataMeasurements,drf:DataMapping",,,,dwc:verbatimCoordinates,,,,,,,,,,,,,,,,,,,,,,,,,,,,,,,,,,,,,,,,,,,,,,,,,,,,,,,,,,,,,,,,,,,,2025-12-04,0000-0002-7997-219X,2025-12-11
drf:LAYER,LAYER,skos:Concept,,"Code for the ecosystem layer addressed [UTF-8 character encoding] as letter code. 
- LEVEL Name 
- T Tree layer 
- T1 Tree layer 1 
- T2 Tree layer 2 
- T3 Tree layer 3 
- S Shrub layer 
- F Field layer 
- B Bottom layer 
If alternative codings are used, this needs to be specified in the REFERENCE.",,T1,drf:DataMapping,,,,,,,,,,,,,,,,,,,,,,,,,,,,,,,,,,,,,,,,,,,,,,,,,,,,,,,,,,,,,,,,,,,,,,,,2025-12-04,0000-0002-7997-219X,2025-12-11
drf:TAXA,TAXA,skos:Concept,,"Name of entity observed [UTF-8 character encoding] (e.g. species name or habitat type) either defined by a letter code (e.g. genus & species or abbreviation), a number code or the full name. 
In case of using letter codes or number codes the definition needs to be provided in the REFERENCE.",,FAG SYLV,drf:DataMapping,,,,dwc:scientificName,,,,,,,,,,,,,,,,,,,,,,,,,,,,,,,,,,,,,,,,,,,,,,,,,,,,,,,,,,,,,,,,,,,,2025-12-04,0000-0002-7997-219X,2025-12-11
drf:ORG_NAME,ORG_NAME,skos:Concept,,Abbreviation or name of the organisation [UTF-8 character encoding] providing the data,,EAA,drf:DataExtendedFields,,,,dwc:ownerInstitutionCode,,,,,,,,,,,,,,,,,,,,,,,,,,,,,,,,,,,,,,,,,,,,,,,,,,,,,,,,,,,,,,,,,,,,2025-12-04,0000-0002-7997-219X,2025-12-11
drf:SUBPROG,SUBPROG,skos:Concept,,"Code for the sub programme [UTF-8 character encoding] for which the data are reported, e.g. BIOCHEM for “biogeochemical data” within the site. This refers to the parameter groups or thematic grouping of data. 
 BIOCHEM biogeochemistry data 
 STRUCTU Structure and function of ecosystems, communities and populations 
 HUMANEC human population and economy 
 SITECHA site characteristics (land use and land cover) 
 Additional values can be defined, but need to be documented in the REFERENCE.",,BIOCHEM,drf:DataExtendedFields,,,,,,,,,,,,,,,,,,,,,,,,,,,,,,,,,,,,,,,,,,,,,,,,,,,,,,,,,,,,,,,,,,,,,,,,2025-12-04,0000-0002-7997-219X,2025-12-11
drf:LISTMED,LISTMED,skos:Concept,,Reference list medium [UTF-8 character encoding] – as reference to the list used. Use the code ‘ADD’ if the code is defined by the user. Otherwise use reference to the reference list.,,ELTER,drf:DataExtendedFields,,,,,,,,,,,,,,,,,,,,,,,,,,,,,,,,,,,,,,,,,,,,,,,,,,,,,,,,,,,,,,,,,,,,,,,,2025-12-04,0000-0002-7997-219X,2025-12-11
drf:MAX_LEVEL,MAX_LEVEL,skos:Concept,,"Upper measurement level [number] in [cm] if a range for the observation is provided; the land/water surface is the zero level; values below the surface are provided as negative values (e.g. -20), values above the surface are provided as positive values (e.g. 20).",unit:CentiM,-15,drf:DataExtendedFields,,,,dwc:maximumDistanceAboveSurfaceInMeters,,,unit:CentiM,,,,,,,,,,,,,,,,,,,,,,,,,,,,,,,,,,,,,,,,,,,,,,,,,,,,,,,,,,,,,,,,,2025-12-04,0000-0002-7997-219X,2025-12-11
drf:MIN_LEVEL,MIN_LEVEL,skos:Concept,,"Lower measurement level [number] in [cm] if a range for the observation is provided; the land/water surface is the zero level; values below the surface are provided as negative values (e.g. -20), values above the surface are provided as positive values (e.g. 20)",unit:CentiM,-5,drf:DataExtendedFields,,,,dwc:minimumDistanceAboveSurfaceInMeters,,,unit:CentiM,,,,,,,,,,,,,,,,,,,,,,,,,,,,,,,,,,,,,,,,,,,,,,,,,,,,,,,,,,,,,,,,,2025-12-04,0000-0002-7997-219X,2025-12-11
drf:SIZE,SIZE,skos:Concept,,Size of the sampling plot [number] in [m²] where the observation takes place or the size of the area for which the aggregated values are representative (e.g. the site or part of the site such as the forested area),unit:M2,100,drf:DataExtendedFields,,,,,,,unit:M2,,,,,,,,,,,,,,,,,,,,,,,,,,,,,,,,,,,,,,,,,,,,,,,,,,,,,,,,,,,,,,,,,2025-12-04,0000-0002-7997-219X,2025-12-11
drf:YEAR,YEAR,skos:Concept,,"Year [YYYY] of the measurement or the year for which the measurements were aggregated the year of an observation (e.g. plants) 
Alternative: 
Time stamp as [ISO date], see ISO 8601: calendar dates as YYYY-MM-DD, time as HH:MM:SS plus a time zone designator (as UTC plus offset), e.g. 2007-04-05T12:30:00-02:00 
Any time information 
- in UTC (e.g. 2017-03-03T11:00+00:00 or 2017-03-03T11:00UTC or 2017-03-03T11:00Z), 
- or local times, if the UTC offset is provided (e.g. 2017-03-03T13:00+02:00)",,2017 or 2017-03-03T13:00+02:00,drf:DataExtendedFields,,,,dwc:year,,,,,,,,,,,,,,,,,,,,,,,,,,,,,,,,,,,,,,,,,,,,,,,,,,,,,,,,,,,,,,,,,,,,2025-12-04,0000-0002-7997-219X,2025-12-11
drf:MONTH,MONTH,skos:Concept,,Month [MM] of the measurement or aggregation. Leave blank if not relevant -> see notes Year for aggregated time information,,8,drf:DataExtendedFields,,,,dwc:month,,,,,,,,,,,,,,,,,,,,,,,,,,,,,,,,,,,,,,,,,,,,,,,,,,,,,,,,,,,,,,,,,,,,2025-12-04,0000-0002-7997-219X,2025-12-11
drf:DAY,DAY,skos:Concept,,Day [DD] of the measurement or the aggregation. Leave blank if not relevant -> see notes Year for aggregated time information,,1,drf:DataExtendedFields,,,,dwc:day,,,,,,,,,,,,,,,,,,,,,,,,,,,,,,,,,,,,,,,,,,,,,,,,,,,,,,,,,,,,,,,,,,,,2025-12-04,0000-0002-7997-219X,2025-12-11
drf:HOUR,HOUR,skos:Concept,,Hour [HH] of the measurement or the aggregation. Leave blank if not relevant -> see notes Year for aggregated time information,,12,drf:DataExtendedFields,,,,,,,,,,,,,,,,,,,,,,,,,,,,,,,,,,,,,,,,,,,,,,,,,,,,,,,,,,,,,,,,,,,,,,,,2025-12-04,0000-0002-7997-219X,2025-12-11
drf:MINUTE,MINUTE,skos:Concept,,Minute [mm] of the measurement or the aggregation. Leave blank if not relevant -> see notes Year for aggregated time information,,30,drf:DataExtendedFields,,,,,,,,,,,,,,,,,,,,,,,,,,,,,,,,,,,,,,,,,,,,,,,,,,,,,,,,,,,,,,,,,,,,,,,,2025-12-04,0000-0002-7997-219X,2025-12-11
drf:SECOND,SECOND,skos:Concept,,Second [ss] of the measurement or the aggregation. Leave blank if not relevant -> see notes Year for aggregated time information,,5,drf:DataExtendedFields,,,,,,,,,,,,,,,,,,,,,,,,,,,,,,,,,,,,,,,,,,,,,,,,,,,,,,,,,,,,,,,,,,,,,,,,2025-12-04,0000-0002-7997-219X,2025-12-11
drf:SPOOL,SPOOL,skos:Concept,,"Spatial pool [number] as the number of spatial entities (e.g. sensors, plots) used to calculate the data value 
If not relevant or described in METHOD, leave blank.",,5,drf:DataExtendedFields,,,,,,,,,,,,,,,,,,,,,,,,,,,,,,,,,,,,,,,,,,,,,,,,,,,,,,,,,,,,,,,,,,,,,,,,2025-12-04,0000-0002-7997-219X,2025-12-11
drf:TPOOL,TPOOL,skos:Concept,,"Temporal pool [number] as the number of observations used to calculate the data value 
If not relevant or described in METHOD, leave blank.",,10,drf:DataExtendedFields,,,,,,,,,,,,,,,,,,,,,,,,,,,,,,,,,,,,,,,,,,,,,,,,,,,,,,,,,,,,,,,,,,,,,,,,2025-12-04,0000-0002-7997-219X,2025-12-11
drf:TLEVEL,TLEVEL,skos:Concept,,"Temporal level of aggregation or observation [UTF-8 character encoding] 
- HOUR hourly values (60 min) 
- DAY daily values (24 hrs) 
- WEEK weekly values (7 days) 
- MONTH monthly values 
- SEASON seasonly values (e.g. spring) 
- HYEAR half yearly values (6 month) 6 month 
- YEAR yearly values (12 month) 
Additional values can be defined, but need to be documented in the REFERENCE.",,,drf:DataExtendedFields,,,,,,,,,,,,,,,,,,,,,,,,,,,,,,,,,,,,,,,,,,,,,,,,,,,,,,,,,,,,,,,,,,,,,,,,2025-12-04,0000-0002-7997-219X,2025-12-11
drf:LISTTAXA,LISTTAXA,skos:Concept,,Reference to the taxonomic list [UTF-8 character encoding] used for the observations,,Flora of Austria (2005),drf:DataExtendedFields,,,,,,,,,,,,,,,,,,,,,,,,,,,,,,,,,,,,,,,,,,,,,,,,,,,,,,,,,,,,,,,,,,,,,,,,2025-12-04,0000-0002-7997-219X,2025-12-11
drf:LISTSUB,LISTSUB,skos:Concept,,"Reference to the code [UTF-8 character encoding] list of substances and parameter names, e.g. EnvThes or other vocabularies. Use ADD if defined by the user.",,IM,drf:DataExtendedFields,,,,,,,,,,,,,,,,,,,,,,,,,,,,,,,,,,,,,,,,,,,,,,,,,,,,,,,,,,,,,,,,,,,,,,,,2025-12-04,0000-0002-7997-219X,2025-12-11
drf:FIELD_NAME,FIELD_NAME,skos:Concept,,Name of the field [UTF-8 character encoding] in the data reporting documents as reference,,TAXA,drf:ReferenceCoreFields,,,,,,,,,,,,,,,,,,,,,,,,,,,,,,,,,,,,,,,,,,,,,,,,,,,,,,,,,,,,,,,,,,,,,,,,2025-12-04,0000-0002-7997-219X,2025-12-11
drf:CODE,CODE,skos:Concept,,"Code of the entry [UTF-8 character encoding] defined as abbreviation of the term, e.g. parameter name",,FAG SYLV,drf:ReferenceCoreFields,,,,dwc:nomenclaturalCode,,,,,,,,,,,,,,,,,,,,,,,,,,,,,,,,,,,,,,,,,,,,,,,,,,,,,,,,,,,,,,,,,,,,2025-12-04,0000-0002-7997-219X,2025-12-11
drf:NAME,NAME,skos:Concept,,"Full name [UTF-8 character encoding] defined as the full name of the term,e.g. full species name",,Fagus sylvatica L.,drf:ReferenceCoreFields,,,,dwc:scientificName,,,,,,,,,,,,,,,,,,,,,,,,,,,,,,,,,,,,,,,,,,,,,,,,,,,,,,,,,,,,,,,,,,,,2025-12-04,0000-0002-7997-219X,2025-12-11
drf:DEFINITON,DEFINITON,skos:Concept,,"Definition [UTF-8 character encoding] of the term used, in order to allow the user to understand the data.",,o,drf:ReferenceCoreFields,,,,,,,,,,,,,,,,,,,,,,,,,,,,,,,,,,,,,,,,,,,,,,,,,,,,,,,,,,,,,,,,,,,,,,,,2025-12-04,0000-0002-7997-219X,2025-12-11
drf:LIST_CODE,LIST_CODE,skos:Concept,,"Name or reference [URL] of the code list; if referring to an existing code list the name of the code list is provided (e.g. DB, EnvThes). If the code is defined by the user, use ‘ADD’ as identification",,http://www.catalogueoflife.org/col/,drf:ReferenceCoreFields,,,,,,,,,,,,,,,,,,,,,,,,,,,,,,,,,,,,,,,,,,,,,,,,,,,,,,,,,,,,,,,,,,,,,,,,2025-12-04,0000-0002-7997-219X,2025-12-11
drf:CODE_URL,CODE_URL,skos:Concept,,Reference to the URL or persistent identifier,,http://www.catalogueoflife.org/ col/details/species/id/ 1f4cac67d34e7473fb5092f2fa66f4d2,drf:ReferenceCoreFields,,,,,,,,,,,,,,,,,,,,,,,,,,,,,,,,,,,,,,,,,,,,,,,,,,,,,,,,,,,,,,,,,,,,,,,,2025-12-04,0000-0002-7997-219X,2025-12-11
drf:EVENT_ID,EVENT_ID,skos:Concept,,"An identifier [UTF-8 character encoding] for the set of information associated with an Event (something that occurs at a place and time). May be a global unique identifier or an identifier specific to the data set. 
 This either can be a sample number or the number of a vegetation relevee. 
 Note: reference to the location (STATION_CODE) is given in the data and is not repeated in the EVENT.",,SW0045ZOE_20200912 or VegRel_45_20200912,"drf:EventCoreFields,drf:DataMeasurements,drf:DataMapping,drf:SampleEvent",,,,dwc:eventID,,,,,,,,,,,,,,,,,,,,,,,,,,,,,,,,,,,,,,,,,,,,,,,,,,,,,,,,,,,,,,,,,,,,2025-12-04,0000-0002-7997-219X,2025-12-11
drf:TIME_FROM,TIME_FROM,skos:Concept,,"timestamp of starting the event [ISO date] (according to ISO 8601): calendar dates as YYYY-MM-DD, time as HH:MM:SS in UTC plus offset; combined date and time as YYYY-MM-DDTHH:MMOffset, e.g. 2007-04-05T12:30:00-02:00 Any time information in converted to UTC time (e.g. 2017-03-03T11:00+00:00 or 2017-03-03T11:00UTC or 2017-03-03T11:00Z) or local times, if the UTC offset is provided (e.g. 2017-03-03T13:00+02:00)",,2017-03-03T13:00+02:00,"drf:EventCoreFields,drf:SampleEvent",,,,dwc:eventDate / eventTime,,,,,,,,,,,,,,,,,,,,,,,,,,,,,,,,,,,,,,,,,,,,,,,,,,,,,,,,,,,,,,,,,,,,2025-12-04,0000-0002-7997-219X,2025-12-11
drf:TIME_TO,TIME_TO,skos:Concept,,"timestamp of ending the event [ISO date] (according to ISO 8601): calendar dates as YYYY-MM-DD, time as HH:MM:SS in UTC plus offset; combined date and time as YYYY-MM-DDTHH:MMOffset, e.g. 2007-04-05T12:30:00-02:00 Any time information in converted to UTC time (e.g. 2017-03-03T11:00+00:00 or 2017-03-03T11:00UTC or 2017-03-03T11:00Z) or local times, if the UTC offset is provided (e.g. 2017-03-03T13:00+02:00)",,2017-03-03T13:00+02:00,"drf:EventCoreFields,drf:SampleEvent",,,,dwc:eventDate / eventTime,,,,,,,,,,,,,,,,,,,,,,,,,,,,,,,,,,,,,,,,,,,,,,,,,,,,,,,,,,,,,,,,,,,,2025-12-04,0000-0002-7997-219X,2025-12-11
drf:METH_DESCR_Event,METH_DESCR_Event,skos:Concept,,"Short description of the method [UTF-8 character encoding] applied in the sampling campaign, e.g. on how the plots were selected from the total population (selection of plots, observation points, etc.) and the observation was done 
 Condition: Please provide, if not contained in METHOD.",,Random sampling of spruce stands in the entire area of the site; 5 regularly spaced (10 m) positions on a transect; etc.,"drf:EventCoreFields,drf:SampleEvent",,,,,,,,,,,,,,,,,,,,,,,,,,,,,,,,,,,,,,,,,,,,,,,,,,,,,,,,,,,,,,,,,,,,,,,,2025-12-04,0000-0002-7997-219X,2025-12-11
drf:EVENT_EFFORT,EVENT_EFFORT,skos:Concept,,"A numeric value [number] for a measurement of the effort taken (time duration, length, area, or volume) in a sampling event.",,25,drf:EventCoreFields,,,,dwc:samplingEffort,,,,,,,,,,,,,,,,,,,,,,,,,,,,,,,,,,,,,,,,,,,,,,,,,,,,,,,,,,,,,,,,,,,,2025-12-04,0000-0002-7997-219X,2025-12-11
drf:PHYS_SAMPLE,PHYS_SAMPLE,skos:Concept,,"Physical sample [Boolean; 0/-1] taken and stored. A SAMPLE is the representative part or a single item from a larger whole or group. Please, provide a information if you have taken and stored a physical sample and you can provide details on 
 Condition: if yes [-1] a description in SAMPLE needs to be provided.",,0,drf:EventCoreFields,,,,dwc:materialSampleID,,,,,,,,,,,,,,,,,,,,,,,,,,,,,,,,,,,,,,,,,,,,,,,,,,,,,,,,,,,,,,,,,,,,2025-12-04,0000-0002-7997-219X,2025-12-11
drf:NOTES,NOTES,skos:Concept,,"Notes [UTF-8 character encoding] on of a) an indicator of the existence of, b) a reference to (publication, URI), or c) the text of notes taken in the field about the Event.",,,"drf:EventCoreFields,drf:SampleEvent",,,,dwc:fieldNotes,,,,,,,,,,,,,,,,,,,,,,,,,,,,,,,,,,,,,,,,,,,,,,,,,,,,,,,,,,,,,,,,,,,,2025-12-04,0000-0002-7997-219X,2025-12-11
drf:PARENT_EVENT_ID,PARENT_EVENT_ID,skos:Concept,,"An event identifier [UTF-8 character encoding] for the super event which is composed of one or more sub-sampling events. The value must refer to an existing EVENT_ID. If the identifier is local it must exist within the given dataset. May be a globally unique identifier or an identifier specific to the data set.
This either can be a sample number or the number of a vegetation relevee.
Note: reference to the location (STATION_CODE) is given in the data and is not repeated in the EVENT.",,SW0045ZOE_20200912 or VegRel_45_20200912,drf:EventExtendedFields,,,,dwc:eventID,,,,,,,,,,,,,,,,,,,,,,,,,,,,,,,,,,,,,,,,,,,,,,,,,,,,,,,,,,,,,,,,,,,,2025-12-04,0000-0002-7997-219X,2025-12-11
drf:SAMP_EFFORT,SAMP_EFFORT,skos:Concept,,The amount of effort [UTF-8 character encoding] expended during an Event.,,"""40 trap-nights"", ""10 observer-hours; 10 km by foot; 30 km by car""",drf:EventExtendedFields,,,,dwc:samplingEffort,,,,,,,,,,,,,,,,,,,,,,,,,,,,,,,,,,,,,,,,,,,,,,,,,,,,,,,,,,,,,,,,,,,,2025-12-04,0000-0002-7997-219X,2025-12-11
drf:HABITAT_TYPE,HABITAT_TYPE,skos:Concept,,Habitat type [UTF-8 character encoding] in which the Event occurred using local or existing classification or reference to a code list (as defined in REFERENCE).,,Beech forest,drf:EventExtendedFields,,,,dwc:habitat,,,,,,,,,,,,,,,,,,,,,,,,,,,,,,,,,,,,,,,,,,,,,,,,,,,,,,,,,,,,,,,,,,,,2025-12-04,0000-0002-7997-219X,2025-12-11
drf:SOIL_TYPE,SOIL_TYPE,skos:Concept,,Soil type [UTF-8 character encoding] in which the Event occurred using local or existing classification or reference to a code list (as defined in REFERENCE).,,,drf:EventExtendedFields,,,,,,,,,,,,,,,,,,,,,,,,,,,,,,,,,,,,,,,,,,,,,,,,,,,,,,,,,,,,,,,,,,,,,,,,2025-12-04,0000-0002-7997-219X,2025-12-11
drf:MEDIUM,MEDIUM,skos:Concept,,"Sampled medium [UTF-8 character encoding] – as the code for the sampled medium in the observation procedure 
- AIR air including meteorology 
- SOIL soil 
- SOILWAT soil water 
- WATER runoff and groundwater 
- SEDIMENT sediments in aquatic environments 
- LITTER litter fall 
- BIOCOM biological communities 
- HUMPOP human population 
- SITECHAR site characteristics (as habitat or landscape structure) 
Additional values need to be defined in the REFERENCE.",,SOILWAT,"drf:DataExtendedFields,drf:SampleEvent",,,,dwc:materialSample,,,,,,,,,,,,,,,,,,,,,,,,,,,,,,,,,,,,,,,,,,,,,,,,,,,,,,,,,,,,,,,,,,,,2025-12-04,0000-0002-7997-219X,2025-12-11
drf:SAMP_SIZE,SAMP_SIZE,skos:Concept,,"A numeric value [number] for a measurement of the size (e.g. length, area, or volume) of a sample in a sampling event.",,25,drf:SampleEvent,,,,"dwc:sampleSizeValue",,,,,,,,,,,,,,,,,,,,,,,,,,,,,,,,,,,,,,,,,,,,,,,,,,,,,,,,,,,,,,,,,,,,2025-12-04,0000-0002-7997-219X,2025-12-11